{"cameraMode":{"drawMode":0,"name":"Shaded","section":"Shading Mode"},"sceneLighting":false,"audioPlay":false,"sceneViewState":{"m_AlwaysRefresh":false,"showFog":true,"showSkybox":false,"showFlares":true,"showImageEffects":true,"showParticleSystems":true,"showVisualEffectGraphs":true,"m_FxEnabled":true},"in2DMode":false,"pivot":{"x":-0.29405003786087038,"y":1.5032662153244019,"z":-9.946528434753418},"rotation":{"x":0.020051345229148866,"y":-0.9684379696846008,"z":0.08290410041809082,"w":0.23421929776668549},"size":1.7514240741729737,"orthographic":false}